id,file_name
1,"DORDRECHT SCHOOL, 17TH CENTURY.jpg"
2,1804-1877 CORNELIS KIMMEL DUTCH.jpg
3,77.jpg
4,geit�20I�20web.jpg
5,1576_167.JPG
6,Jan Mankes boer met geitjes 1914.jpg
7,0000 - mv 46.jpg
8,3bok.jpg
9,"1806 - 1887 Robbe, Louis  voor de storm.jpg"
10,"1846 - 1909 Hermann Kaulbach Dorothea, Hund, Ziege, Ochsen.jpg"
11,blz 130.jpg
12,1937 de Wild - 020.jpg
13,"Karel DUJARDIN , 1626 - 1678 2.jpg"
14,1580 - 1633 herderspaar Bolswert-2.jpg
15,paradies_adam_eva_cranach_4.jpg
16,blz 118.jpg
17,"1755 - 1826 OMMEGANCK, Balthazar Pauwel - Herder met vee in een wijds heuvellandschap.jpg"
18,Afbeelding2.jpg
19,"1773 - 1853 SERNÉ, Adrianus.jpg"
20,1593_163.JPG
21,blz16.jpg
22,1628 - Jacob Cuyp.jpg
23,"5306DUJARDIN, Karel (OMGEVING VAN.jpg"
24,58_OPENL.JPG
25,"1726 - 1798 Ploos van Amstel, Cornelis (1726 Weesp - 1798 Amsterdam1.jpg"
26,"1630 - NIEULANDT, Willem van, the Younger Landscape with Amorous Shepherds.JPG"
27,5724452.jpg
28,lvv-hvr.jpg
29,lvv-sc2.jpg
30,Groene bock-2.jpg
31,"1882 - 1951 Prinz Wilhelm von Preussen füttert ein Pferd, Ziege.jpg"
32,blz 252.jpg
33,Landschap met geiten - Fries Museum-2.jpg
34,1609_164.JPG
35,"1897 - 1961 KEIZER, Antony - Herfstdag in Drenthe.jpg"
36,Assen.jpg
37,ausgoat2.jpg
38,1799 - 1881 VERBOECKHOVEN Eugene - vee6.jpg
39,"1600 - 1646 UYTTENBROECK, Moses van -.jpg"
40,102_FERA.JPG
41,t1-bloedsomloop.jpg
42,"1806 - 1887 Robbe, Louis 3.jpg"
43,geit.bmp
44,blz 95 det.jpg
45,mv 18.jpg
46,blz 31 2.jpg
47,1638 - the infant jupiter nurtured by the goat Amalthea.JPG
48,23_SCHUT.JPG
49,"AK Smaland, Fatabur fran Mocketorp, Ziege.jpg"
50,bagot2.jpg
51,Geit�20web.jpg
52,1725 - Johann Heinrich Roos 2.jpg
53,mv 24.jpg
54,mv 30.jpg
55,Osmantus.jpg
56,"1640 - Jakob JORDAENS Jugend des Zeus (Die Ziege Amalthea ernährt Zeus), um 1640.jpg"
57,Künstler-AK Mann bringt Ziege in den Stall.jpg
58,mv 31.jpg
59,liefde 1.jpg
60,"1850 - 1941 H.J. von Zügel (), Vier geiten in een weide, gesigneerd, olieverf op doek, afm. 68 x 58 cm.jpg"
61,kinder2.jpg
62,australian ferals.jpg
63,mv 25.jpg
64,"1849-1931 SLUYS, Theo van - Sheep and roosters in a pasture.jpg"
65,bagot3.jpg
66,blz 61 det.jpg
67,Jan BRUEGHEL the Elder Garden of Eden 1612.jpg
68,mv 19.jpg
69,"Philipp Peter Roos, called Rosa da Tivoli - Frankfurt 1657 - 1706 Rome, A goat and a sheep in an  Italianate landscape.jpg"
70,1913 BROEK IN WATERLAND 1913 MET GEITENWAGEN.jpg
71,"1806 - 1887 Robbe, Louis 2.jpg"
72,1799 - 1881 VERBOECKHOVEN Eugene - vee7.jpg
73,ge1.jpg
74,Johann Friedrich Voltz (1817-1886.jpg
75,92_ARTIS.JPG
76,blz 24.jpg
77,"1810 - 1864 CALAME, Alexandre.jpg"
78,15_DE_BI.JPG
79,Landgeit-felius.gif
80,0000 - E010-929.JPG
81,1925 Brabants Dorpsleven.jpg
82,beenwerk.jpg
83,"1648 - POTTER, Paulus - A Husbandman with his Herd.JPG"
84,Landschap met geiten - Fries Museum-3.jpg
85,arm-en-toch-rijk-bk.jpg
86,1612 - Jan BRUEGHEL the Elder Garden of Eden 1612.jpg
87,artikel LW.jpg
88,kleintjebeweegt.jpg
89,Temple of Pan.jpg
90,1800_186.JPG
91,onbekend - bokkenwagens detail 2.jpg
92,herderspaar Bolswert-2.jpg
93,1593_162.JPG
94,dorien-2.JPG
95,z-artikel LW.jpg
96,jonge witte geit Jan Mankes 1914.jpg
97,Afbeelding3.JPG
98,1820_MAR.JPG
99,Afbeelding3.png
100,blz 131.jpg
101,1576_166.JPG
102,79_OPENL.JPG
103,0000 - mv 47.jpg
104,76.jpg
105,viivi_tiuku finse landgeit.jpg
106,Landschap met geiten - Fries Museum - detail-2.jpg
107,Geraamte-2.jpg
108,1592_165.JPG
109,Broussaille2.gif
110,0000 - mv 45.jpg
111,1576_164.JPG
112,t2-Geraamte-3.jpg
113,"PISANELLO  Medal of Cecilia Gonzaga (reverse), 1447.jpg"
114,jan_baptist_weenix.jpg
115,"Follower of Jan Frans van Bloemen, called l'Orizzonte.jpg"
116,Afbeelding1.jpg
117,Logo Midden Nederland.JPG
118,bokkenwagens.jpg
119,"BRUEGHEL, Jan the Elder The Animals Entering the Ark (Detail), 1615.jpg"
120,janna-2.JPG
121,55_OPENL.JPG
122,de Wild - 003 landgeiten op de cralose heide.JPG
123,ziegen_richterAdrian Ludwig Richter (1803-1884.jpg
124,"1914 - MANKES, Jan - jonge witte geit.jpg"
125,lvv-pp2.jpg
126,a2-bezoar.jpg
127,1906 de Wild - 009.jpg
128,1645_163.JPG
129,1799 - 1881 VERBOECKHOVEN Eugene - Herder die met een mes een tak afsnijdt - Doek getekend en gedateerd 1846.jpg
130,1658_168.JPG
131,5248 wietje.jpg
132,"AK Ziege und Zicklein auf der Weide, Distel, color.jpg"
133,ziegen_albani1623-1625.jpg
134,88_OPENL.JPG
135,41_OPENL.JPG
136,"1625 - 1654 POTTER, Paulus -.jpg"
137,1695_ROM.JPG
138,CORNELIS.BMP
139,Louis Albert Roessingh.jpg
140,ausgoat1.jpg
141,versch_bassano 1547.jpg
142,"1799 - 1881 Verboeckhoven, Eugene, Joseph - Sheep With Chickens And A Goat.JPG"
143,"1612 - BRUEGHEL, Jan the Elder  Garden of Eden (Detail).jpg"
144,ge3.jpg
145,1799 - 1881 VERBOECKHOVEN Eugene - vee5.jpg
146,1618_162.JPG
147,bagot1.jpg
148,blz 31 1.jpg
149,mv 33.jpg
150,1615_169.JPG
151,mv 27.jpg
152,liefde 3.jpg
153,mv 26.jpg
154,18_DE_BI.JPG
155,liefde 2.jpg
156,kinder1.jpg
157,dorien.JPG
158,mv 32.jpg
159,"1658 BERCHEM, Nicolaes.jpg"
160,1730_MIE.JPG
161,2 ct de Wild - 024.jpg
162,1650_BAP.JPG
163,1618_163.JPG
164,1799 - 1881 VERBOECKHOVEN Eugene - vee4.jpg
165,ge2.jpg
166,60_OPENL.JPG
167,"Homberg, Dirk (1885 Rotterdam - 1952 Amsterdam).jpg"
168,1789_182.JPG
169,t3-exterieur-2.jpg
170,AELBERT2.BMP
171,lvv-jbw.jpg
172,blz 244.jpg
173,land_ill2_large.jpg
174,1609_166.JPG
175,d-hondecoeterstill.jpg
176,14xx - xxxx Botticelli - Venus and Mars.jpg
177,os-maskfaunus.jpg
178,1645_162.JPG
179,"1914 - Andréa, Cornelis - geit en haan.jpg"
180,"N6477_00.025Nicolas POUSSIN , 1594 - 1665 the triumpf of pan.jpg"
181,blz 211 dt.jpg
182,"1895 - 1969 OUDES, Dirk - boer klein.jpg"
183,1803 - 1884 Adrian Ludwig Richter.jpg
184,"1755 - 1826 Ommeganck, Balthasar Paul.jpg"
185,"1864 BILDERS, Albert Gerard - Geitenhoedster.JPG"
186,Lucas Achtschellinck BRUSSELS 1626-1699.jpg
187,38_DASVE.JPG
188,1799 - 1881 VERBOECKHOVEN Eugene - Rust van de karavaan - getekend en gedateerd 1854.jpg
189,1636_167.JPG
190,tegel 18e eeuw.jpg
191,SANCLEM4.jpg
192,blz 132.jpg
193,74_OPENL.JPG
194,blz 126.jpg
195,0000 - mv 44.jpg
196,1576_165.JPG
197,0000 - mv 50.jpg
198,blz 121 det.jpg
199,Geraamte-3.jpg
200,1821 - Jan van Ravenswaay  1821 Schapen en geiten in de stal.JPG
201,Landschap met geiten - Fries Museum - detail-3.jpg
202,0000 - mv 40.jpg
203,Landschap met geiten - Fries Museum - detail-7.jpg
204,1799 - 1881 VERBOECKHOVEN Eugene - Familie schapen 1864.jpg
205,verhoesen4.jpg
206,71.jpg
207,0000 - lvv-sc.jpg
208,a1-Alpensteenbok.jpg
209,ansichtkaart - bokkenwagen broek op waterland.jpg
210,Faun44.jpg
211,blz 122.jpg
212,1870 - Gerardus Johannes Bos 1870.jpg
213,"H.J. von Zügel (1850-1941), Vier geiten in een weide, gesigneerd, olieverf op doek, afm. 68 x 58 cm.jpg"
214,1577_164.JPG
215,"Carl Spitzweg Mädchen mit Ziege, 1861.jpg"
216,blz 234 det 1.jpg
217,artwork_images_122_68485_William-Jacob-Hays-Sr.JPG
218,blz 24 det.jpg
219,94_ARTIS.JPG
220,1799 - 1881 VERBOECKHOVEN Eugene - Koeien en schapen meteenden nabij een plas 1867.jpg
221,127�20Geit�20duim.jpg
222,262_046.gif
223,6507822.jpg
224,"1630 - 16350 Wtenbrouck, Moyses van (schilder) ca. 1630 tot 1635 nimf verrast door satyr.jpg"
225,Boink Wietje - moeder Alighieri.jpg
226,1799 - 1881 VERBOECKHOVEN Eugene - schaap.jpg
227,1624 - 1694 Willem Romeyn hoornloze geit.jpg
228,1780  Willem Romeyn.jpg
229,Staande bock.jpg
230,Landschap met geiten - Fries Museum-4.jpg
231,1609_162.JPG
232,geesje 66- grietje 96.JPG
233,1789_186.JPG
234,1799 - 1881 VERBOECKHOVEN Eugene - Sheep surprised by storm 1878.jpg
235,"BASSANO, Jacopo  The Purification of the Temple.jpg"
236,1806 - 1881 Albertus Verhoesen - landschap met rustende geiten 1849.JPG
237,mv 36.jpg
238,1799 - 1881 VERBOECKHOVEN Eugene - De jonge koeherder op wandel metzijn koeien 1869.jpg
239,liefde 6.jpg
240,kinder5.jpg
241,98_TIERI.JPG
242,mv 22.jpg
243,bagot4.jpg
244,zot 1.jpg
245,"1680 - Opperdoes, Jan Pietersz  boerenhoeve.jpg"
246,"1650 - Berchem, Nicolaes P.jpg"
247,Margoliash.gif
248,2 ct de Wild - 021.jpg
249,"1897 - 1961 KEIZER, Antony Keizer  - voorjaar bij Havelte in Drenthe, gedateerd 1936.jpg"
250,1940_MAR.JPG
251,neuslijn.jpg
252,mv 23.jpg
253,"1622 - 1678 DUJARDIN, Karel (OMGEVING VAN.jpg"
254,1776_OMM.JPG
255,"1847 TSCHAGGEN, Edmond.jpg"
256,mv 37.jpg
257,The Great God Pan.jpg
258,0000- display_image.JPG
259,Pieter van Bloemen.jpg
260,"1849 - 1931 SLUYS, Theo Van - schapen - Belgische XIXe eeuw..jpg"
261,Ansichtkaart - Prinz Louis Ferdinand und Prinz Wilhelm von Preussen mit einer Ziege.jpg
262,14_LUIJK.JPG
263,1872_194.JPG
264,ANSICHTKAART NOORWEGEN.jpg
265,"1799 - 1881 VERBOECKHOVEN Eugene - In familiekring, bok 1831.jpg"
266,wietje 5248.jpg
267,0000 - Gravure Geit.jpg
268," Jakob Roos, called Rosa da Napoli, ROME 1682-DATE .jpg"
269,0000- image_1467.JPG
270,blz 56 2.jpg
271,wrak-2.jpg
272,"1636 - 1695 d'HONDECOUTER, Melchior - Oiseaux.jpg"
273,262_047.gif
274,"1523 - BALDUNG, Hans von - ziege Zwei Hexen.jpg"
275,30_OPENL.JPG
276,5415750.jpg
277,Vrouw met bok en koeien.jpg
278,blz 120 det.jpg
279,geit.gif
280,"DUJARDIN, Karel 1673.jpg"
281,irish goat.jpg
282,eelkje.JPG
283,1680 - 1726 Johannes Glauber [schilder].JPG
284,83_OPENL.JPG
285,SANCLEM1.jpg
286,blz16 det.jpg
287,1636_162.JPG
288,"1657 - 1706  ROOS, Philipp Peter Italianate Landscape with a Goat and Sheep.JPG"
289,bonnard2-L-473x300.jpeg
290,"1620 - HALS, Frans Three Children with a Goat Cart (detail).JPG"
291,Landschap met geiten - Fries Museum - detail-6.jpg
292,"1867 - 1932 Bauer, Mari Alexander Jaques “Marius” - Eene geitenhoedster (A goat-herd), ets uit 1924.JPG"
293,1753_182.JPG
294,a3-France-2.jpg
295,0000 - mv 41.jpg
296,"Bruyn, Nicolaas de.jpg"
297,bok en koe.jpg
298,BEZOAR01.jpg
299,viivi_tiuku2 finse landgeit.jpg
300,1837 - mar delacroix.jpg
301,0000 - mv 43.jpg
302,1576_162.JPG
303,1566_162.JPG
304,45_VERBO.JPG
305,Parn Faunus.jpg
306,v11.JPG
307,tiger_satyr_rubens 1629 .jpg
308,5940696.jpg
309,72.jpg
310,Landschap met geiten - Fries Museum - detail-4.jpg
311,feral goats.jpg
312,a4-Duitsland-2.jpg
313,blz 135.jpg
314,BROEK IN WATERLAND 1913 MET GEITENWAGEN.jpg
315,ratti_goats.jpg
316,"1829 COOPER, Thomas Sidney - Rustic Landscape with Cattle.jpg"
317,"1662 VELDE, Adriaen van de rtyuijpg.jpg"
318,wild_goats.JPG
319,66_OPENL.JPG
320,"Adriaen van de VELDE , 1636 - 1672  2.jpg"
321,bezoar.jpg
322,kleintjefront.jpg
323,Faun by picasso.jpg
324,92pnt.jpg
325,exterieur.jpg
326,Ansichtkaart - 2 geitjes op Texel.jpg
327,1665 - Berchem.jpg
328,"Bulfinch's Mythology, The Age of Fable - Chapter 22 THE RURAL DEITIES-ERISICHTHON-RHOECUS-THE WA3TER DEITIES-THE CAMENAE-THE WINDS..gif"
329,blz 174 det.jpg
330,blz 164 det.jpg
331,"GAROFALO , about 1476 - 1559.jpg"
332,Dirck van Bergen 1680.jpg
333,t4-Geraamte-2.jpg
334,1799 - 1881 VERBOECKHOVEN Eugene - vee3.jpg
335,1bok.jpg
336,ge5.jpg
337,geitnederl6.jpg
338,achtergrond_fossiel.jpg
339,1656_BER.JPG
340,image_1467.jpg
341,blz 34.jpg
342,mv 21.jpg
343,"AK Mädchen füttert Ziege mit Heu, Reklame für Konrads Uhren, die richtig gehen.jpg"
344,1822_188.JPG
345,liefde 5.jpg
346,mv 35.jpg
347,1618_164.JPG
348,1618_165.JPG
349,ROELANDT SAVERY  KORTRIJK 1576 - 1639 UTRECHT  L07032-106-lr-1.jpg
350,"1806 - 1887 ROBBE, Vee in de wei.jpg"
351,53_OPENL.JPG
352,mv 34.jpg
353,stgallen.jpg
354,mv 20.jpg
355,liefde 4.jpg
356,kunst.jpg
357,goat4.jpg
358,0000 - Zwartblesgeit.jpg
359,kerstbok def.jpg
360,wildkleur-jpg.jpg
361,1799 - 1881 VERBOECKHOVEN Eugene - Wandeling op de rug van een ezel 1834.jpg
362,Woodward.jpg
363,ge4.jpg
364,1799 - 1881 VERBOECKHOVEN Eugene - vee2.jpg
365,"Ansichtkaart - Mädchen füttert Ziege mit Heu, Reklame für Konrads Uhren, die richtig gehen.jpg"
366,blz 60 det.jpg
367,toverballen.jpg
368,"1571 - 1631 Jacob Matham naar Hendrick Goltzius, Libido (gravure). Amsterdam, Rijksprentenkabinet, Rijksmuseum.JPG"
369,29_OPENL.JPG
370,1645_164.JPG
371,g40505�5Fright�2Ejpg.JPG
372,potter the_farm.jpg
373,goodnightsheep3.JPG
374,"1786 - 1787 JULIEN, Pierre Amalthaea (Girl Tending a Goat)  Marble, height 172 cm  Musée du Louvre, Paris.JPG"
375,MYTRAG bestiari.jpg
376,blz 30 1 det.jpg
377,"Berchem, N.P 1650  .jpg"
378,lvv-sc.jpg
379,1593_167.JPG
380,blz 120.jpg
381,RANS SWAGERS UTRECHT 1756 - 1836 PARIS PAYSAGES DE FORÊT AVEC UNE BERGÈRE ET SON TROUPEAU SUR UN CHEMIN.jpg
382,blz 134.jpg
383,Osmantus  .jpg
384,grison.jpg
385,balearicus.gif
386,1811_186.JPG
387,blz 108.jpg
388,Landschap met geiten - Fries Museum - detail-5.jpg
389,Dirck van Bergen 1680  .jpg
390,1776-1839 Pieter Gerardus Van Os.jpg
391,47_OPENL.JPG
392,1566_163.JPG
393,0000 - mv 42.jpg
394,1576_163.JPG
395,0000 - mv 19.jpg
396,0000 - lvv-jbw.jpg
397,1657-1720 Pieter van Bloemen QyFLqG.JPG
398,blz 190.jpg
399,14.jpg
400,1886 - Theodore Robinson - Girl with Goat.jpg
401,84_OPENL.JPG
402,1799 - 1881 VERBOECKHOVEN Eugene - De herder en zijn kudde vluchtenvoor het naderende onweer 1839.jpg
403,0000 - mv 25.jpg
404,Gillis Claesz. de Hondecoeter  ANTWERP 1575 - 1638 AMSTERDAM L07032-105-lr-1.jpg
405,blz 44 det.jpg
406,0000 - mv 31.jpg
407,Landschap met geiten - Fries Museum - detail.jpg
408,jetses.jpg
409,blz 30 1.jpg
410,EL493O~Z.JPG
411,0000 - ZAN-1010.JPG
412,1959 de Wild - 008 2 zuidlaren.JPG
413,beenstand-2.TIF
414,37_OPENL.JPG
415,romanmusic-syrinxplayer-pan-pompeii-1C-BCE.jpg
416,Greek and Roman Mythology Other Gods Pan.jpg
417,22_SCHUT.JPG
418,"1668 - LICETI, Fortunio De monstris Patavii, apud haeredes P. Frambotti,.jpg"
419,mv 6.jpg
420,1547 - Bassano.jpg
421,"Ansichtkaart - vermenschlichte Ziege im Gehrock mit Hut, Brille und Stock.jpg"
422,Groene bock.jpg
423,blz 52.jpg
424,"ROOS, Philipp Peter (Rosa da Tivoli)4.jpg"
425,W07725-209-lr-1.jpg
426,bok13.jpg
427,boink-4.jpg
428,"1657 - 1706 ROOS, PHILIPP PETER.jpg"
429,1338 - 1340 Lorenzetti.jpg
430,1635_166.JPG
431,ziege_dujardin.jpg
432,"1904 Paula Modersohn-Becker Drei Kinder mit Ziege im Birkenwald, um 1904.jpg"
433,"1849-1931 SLUYS, Theo Van - schapen - Belgische XIXe eeuw..jpg"
434,mv 47.jpg
435,rinder_berchem.jpg
436,59_OPENL.JPG
437,0000 - mv 6.jpg
438,90_OPENL.JPG
439,"AK Meckenbeuren, Menschen bestaunen im Bahnhof den abgerissenen Kopf einer Ziege an der Eisenbahn.jpg"
440,mv 46.jpg
441,0000 - mv 7.jpg
442,blz 90.jpg
443,1799 - 1881 VERBOECKHOVEN Eugene- alexandre-calame.jpg
444,zwbo.jpg
445,1638_HO2.JPG
446,rembrand 230.jpg
447,blz 244 det.jpg
448,wg1.jpg
449,hera 89.JPG
450,"ROOS, Philipp Peter (Rosa da Tivoli)5.jpg"
451,blz 53.jpg
452,bok12.jpg
453,boink-5.jpg
454,lam-4.JPG
455,Zwitserland-3.jpg
456,leo.JPG
457,blz 230.jpg
458,FWBenson�20mallard.jpg
459,"Jacob van Strij    DORDRECHT 1756 - 1815   A SOUTHERN RIVER LANDSCAPE WITH SHEPHERDS RESTING WITH THEIR HERD, A VIEW OF A RUIN BEYOND  AM1032-94-lr-1.jpg"
460,0000 - PompeiiLandscape.JPG
461,"1657 - 1706 ROOS, Philipp Peter (Rosa da Tivoli).jpg"
462,mv 7.jpg
463,72_SCHLE.JPG
464,78_OPENL.JPG
465,mauve hollandse bok.JPG
466,54_ERLAN.JPG
467,bok5.jpg
468,1959 de Wild - 008 2.JPG
469,1776 - 1839 Pieter Gerardus Van Os.jpg
470,Steenb01A.jpg
471,93_ARTIS.JPG
472,Faun.jpg
473,1648_POT.JPG
474,blz 233 2.jpg
475,"1780 - 1836 DUNKER, Philip-Heinrich,  e-4448-p_0001_1_p24-C-R0072.jpg"
476,1655_LIN.JPG
477,0000 - mv 30.jpg
478,0000 - mv 24.jpg
479,1616_168.JPG
480,25_GAUL.JPG
481,0000 - mv 18.jpg
482,"Adriaen van de VELDE , 1636 - 1672.jpg"
483,blz 191.jpg
484,1620_168.JPG
485,blz 166 det.jpg
486,blz 193.jpg
487,de Wild - 022.jpg
488,0000 - mv 32.jpg
489,blz 162 det 2.jpg
490,0000 - mv 26.jpg
491,1866 - Tom Jan Bedijs.jpg
492,blz 30 2.jpg
493,australian ferals 3.jpg
494,blz 144.jpg
495,"Bulfinch's Mythology, The Age of Fable - Chapter 22 THE RURAL DEITIES-ERISICHTHON-RHOECUS-THE WATER DEITIES-THE CAMENAE-THE WINDS..gif"
496,89_OPENL.JPG
497,40_OPENL.JPG
498,MoonShine Graffx6 - Pan.jpg
499,beenstand-1.TIF
500,dwerggt6.jpg
501,1621 - 1663 jan baptist weenix.jpg
502,Pan4.jpg
503,mo8.jpg
504,Arm-en-toch-rijk-a.jpg
505,"1847 - TSCHAGGEN, Edmond.jpg"
506,geit8.jpg
507,bok7.jpg
508,1625 - 1654 Potter.jpg
509,1799 - 1881 VERBOECKHOVEN Eugene - Blatende schapen en Geit 1841.jpg
510,mv 5.jpg
511,"Paula Modersohn-Becker Drei Kinder mit Ziege im Birkenwald, um 1904.jpg"
512,1542_160.JPG
513,"ziegen_boucherShepherd and Shepherdess Reposing (Detail), 1761..jpg"
514,blz 226.jpg
515,P1010003.JPG
516,"1809-1889 SEVERDONCK, Franz van  -  Ooi, ram en geit.jpg"
517,"1726 - 1798 Ploos van Amstel, Cornelis (1726 Weesp - 1798 Amsterdam)  2.jpg"
518,h3a-1.jpg
519,bok10.jpg
520,UK-1857-2.jpg
521,"1594 - 1665 Nicolas POUSSIN ,  the triumpf of pan.jpg"
522,"ROOS, Philipp Peter (Rosa da Tivoli)7.jpg"
523,101_PREN.JPG
524,blz 45.jpg
525,1630 - 1650 Cornelis Saftleven.JPG
526,Floris van Schooten  HAARLEM CIRCA 1590 - 1656 HAARLEM  L07032-137-lr-1.jpg
527,mv 50.jpg
528,0000 - mv 5.jpg
529,mv 44.jpg
530,blz 114 det.jpg
531,0000 - mv 4.jpg
532,"1500 Bruyn, Nicolaas de.jpg"
533,Jacob van Strij      DORDRECHT 1756 - 1815  A LANDSCAPE WITH COWS AND SHEEP NEAR A FARM    AM1032-97-lr-1.jpg
534,mv 45.jpg
535,1626 - 1678 Karel DUJARDIN.jpg
536,1799 - 1881 VERBOECKHOVEN Eugene - Sheep in a summer landscape 1861.jpg
537,0000 - Staande bock-2.jpg
538,wg2.jpg
539,1870 Gerardus Johannes Bos 1870.jpg
540,blz 44.jpg
541,boink-6.jpg
542,bok11.jpg
543,"ROOS, Philipp Peter (Rosa da Tivoli)6.jpg"
544,1834_VER.JPG
545,Zwartblesgeit-2.jpg
546,75_OPENL.JPG
547,1580_162.JPG
548,1564_163.JPG
549,mv 4.jpg
550,"1806 - 1887 ROBBE, Louis - Geiten en schapen.jpg"
551,1799 - 1881 VERBOECKHOVEN Eugene - Stal met schapen 1843.jpg
552,ansichtkaart - Noord Brabants dorpsleven.jpg
553,anne de vries wg van de hulst.jpg
554,bok6.jpg
555,geit9.jpg
556,"0000 - THE KAMBING-UTAN, OR WILD-GOAT sumatra.jpg"
557,19_DE_BI.JPG
558,"Ploos van Amstel, Cornelis (1726 Weesp - 1798 Amsterdam1.jpg"
559,mo9.jpg
560,GERARDVA.BMP
561,12_KESSE.JPG
562,61_OPENL.JPG
563,ziege_mar_delacroix 1837.jpg
564,anne de vries wg van de hulst - Arm en toch Rijk.jpg
565,1799 - 1881 VERBOECKHOVEN Eugene - Pony en schapen 1865.jpg
566,0000 - lvv-hvr.jpg
567,australian ferals 2.jpg
568,0000 - mv 27.jpg
569,0000 - mv 33.jpg
570,Geraamte.jpg
571,de Wild - 023.jpg
572,blz 192.jpg
573,1620_169.JPG
574,blz 192 det.jpg
575,97_DE_VR.JPG
576,0000 - mv 37.jpg
577,"1849-1931 SLUYS, Theo Van (a.k.a., Eugène Rámy Maes).jpg"
578,ca1750a3groot.jpg
579,0000 - mv 23.jpg
580,0000 - zot 1.jpg
581,1876 - 1938 Richard Borrmeister  kleine faun auf entdeckungsreise.jpg
582,UK-1857.jpg
583,1750 - tegel 18e eeuw-3.jpg
584,1860_193.JPG
585,"1620 -1622 HONDECOETER, Gillis Claesz.JPG"
586,Faun4.JPG
587,"Künstler-AK Georg Mühlberg Brüder Grimm, Tischlein deck Dich, Ziege.jpg"
588,3997022.jpg
589,"Karel DUJARDIN , 1626 - 1678.jpg"
590,"1806 - 1887 Robbe, Louis kippen bij hooiwagen.jpg"
591,PHILIPP PETER ROOS.jpg
592,beenstand-4.TIF
593,1850_TOM.JPG
594,27_VIANE.JPG
595,Vrouw met geiten.jpg
596,bok2.jpg
597,Siemen dijkstra 1968 - x 1998 PAN kleurhoutsnede.jpg
598,0000 - schilderij.jpg
599,00E010-929.JPG
600,"1500 - Bruyn, Nicolaas de.jpg"
601,Windows to the Universe.jpg
602,1621 - 1683 Berchem Nicolaas De opvoeding van Zeus.jpg
603,0000 - UK.jpg
604,blz 115 det.jpg
605,1580_166.JPG
606,Zwitserland-4.jpg
607,5276328r.jpg
608,1812_187.JPG
609,blz 54.jpg
610,"ROOS, Philipp Peter (Rosa da Tivoli)2.jpg"
611,17980188.JPG
612,bok15.jpg
613,boink-2.jpg
614,mv 41.jpg
615,blz 191-1.jpg
616,exterieur-2 - legenda.jpg
617,"1812 -1891 Simon van den Berg, Dutch 1812-1891, Goats and Chickens in a Yard.JPG"
618,1616 - 1671 Sébastien Bourdon - Bacchus und Ceres mit Nymphen und Satyren.jpg
619,31_OPENL.JPG
620,mv 40.jpg
621,0000 - mv 1.jpg
622,Jan Mankes raaf 1913.jpg
623,02_P_GRO.JPG
624,"1624 - 1693 ROMEIJN, Willem Cow, Goats and Sheep in a Meadow.JPG"
625,"ROOS, Philipp Peter (Rosa da Tivoli)3.jpg"
626,blz 55.jpg
627,bok14.jpg
628,boink-3.jpg
629,24_SCHUT.JPG
630,blz 206 det-1.jpg
631,1631 - 1685 Johann Heinrich Roos.JPG
632,potter45.jpg
633,50-01.JPG
634,82_OPENL.JPG
635,1650_POT.JPG
636,toggenburg.jpg
637,1799 - 1881 VERBOECKHOVEN Eugene - Blatende schapen 1839.jpg
638,mv 1.jpg
639,"Sébastien Bourdon Bacchus und Ceres mit Nymphen und Satyren (Detail), 2. Drittel 17. Jh., .jpg"
640,"1640 Jakob Jordaens Jugend des Zeus (Die Ziege Amalthea ernährt Zeus), um 1640.jpg"
641,"1571-1631 Jacob Matham naar Hendrick Goltzius, Libido (gravure). Amsterdam, Rijksprentenkabinet, Rijksmuseum.gif"
642,Louis Albert Roessingh 1907.jpg
643,Oliver Goldsmith.jpg
644,"1775 - 1829 WAGENBAUER, Max-Joseph - Burg Hohenschwangau.jpg"
645,bok3.jpg
646,1640 - 1670 Johannes Mijtens  Dubbelportret van een jong paar als Granida en Daifilo.JPG
647,blz 193 det.jpg
648,beenstand-5.TIF
649,"1897 - 1961 KEIZER, Antony Albert Boerin in Drenthe met geit.jpg"
650,"1798 - 1881 VERBOECKHOVEN, Eugéne-Joseph 1845 landschap met rustende schapen en geit.JPG"
651,Faun5.JPG
652,An 1865 oil on canvas painting of goats and herder in an landscape by the Italian artist Andrea Cherubini.jpg
653,"Jacob Matham naar Hendrick Goltzius, Libido (gravure). Amsterdam, Rijksprentenkabinet, Rijksmuseum.gif"
654,"1657 - 1706ROOS, Philipp Peter (Rosa da Tivoli)7.jpg"
655,"1594 - 1665 Nicolas Poussin Jupiter als Kind von der Ziege Amalthea genährt, 2. Drittel 17.JPG"
656,wuister-1.jpg
657,1750 - tegel 18e eeuw-2.jpg
658,"1863 - 1925 Georg Mühlberg Brüder Grimm, Tischlein deck Dich, Ziege.jpg"
659,Bernard Viegers 1886-1947 Gelderse boerderij.jpg
660,"Bos, Cornelis.jpg"
661,edithholden2.jpg
662,blz 197.jpg
663,de Wild - 032.jpg
664,1799 - 1881 VERBOECKHOVEN Eugene - Studie van een schaap en haar lammeren.jpg
665,0000 - mv 22.jpg
666,0000 - mv 36.jpg
667,de Wild - 018.jpg
668,0000 - mv 20.jpg
669,blz 233-1.jpg
670,0000 - mv 34.jpg
671,"1476 - 1559 GAROFALO , about 1476 - 1559.jpg"
672,de Wild - 030.jpg
673,07_P_BOL.JPG
674,wuister-3.jpg
675,bok+plu.jpg
676,1799 - 1881 VERBOECKHOVEN Eugene - Verschillende grote tekenaars en schilders uit die tijddeden mee aan deze reclame voor een potlodenfabriek..jpg
677,blz 45 det.jpg
678,Faun7.JPG
679,fmc428389a.JPG
680,hijner Kinderen met geitje bij de stal.JPG
681,bok1.jpg
682,1693_RO3.JPG
683,mv 3.jpg
684,1624_166.JPG
685,jb_goats.JPG
686,AN-1009.JPG
687,"1780-1836 DUNKER, Philip-Heinrich,  e-4448-p_0001_1_p24-C-R0072.jpg"
688,1741_179.JPG
689,abel.JPG
690,1590_165.JPG
691,blz 234.jpg
692,"Follower of Marcantonio Franceschini, Five Cherubs Playing with a Goat in a Wood.jpg"
693,1625_163.JPG
694,1910 geitententoonstelling te Swalmen.jpg
695,85_GETU2.JPG
696,blz 43.jpg
697,Nienke.jpg
698,boink-1.jpg
699,bok16.jpg
700,0000 - mv 3.jpg
701,mv 42.jpg
702,67_OPENL.JPG
703,wrak.jpg
704,jan mankes 1910.jpg
705,blz 95.jpg
706,1911 eekschillen met geiten in gelderland.jpg
707,1631 – 1685 Johann Heinrich Roos3.jpg
708,peacock.jpg
709,"1492 - 1550 ALCIATO, Giovanni Andrea.JPG"
710,0000 - mv 2.jpg
711,"2138CALAME, Alexandre.jpg"
712,mv 43.jpg
713,bok17.jpg
714,blz 56.jpg
715,blz 42.jpg
716,"1850-1941 H.J. von Zügel (), Vier geiten in een weide, gesigneerd, olieverf op doek, afm. 68 x 58 cm.jpg"
717,85_GETU3.JPG
718,1799 - 1881 VERBOECKHOVEN Eugene - Het onweer 1850.jpg
719,1625_162.JPG
720,blz 206 det-2.jpg
721,blz 235.jpg
722,0000 - Zwitserland.jpg
723,1690 Jan van Haensbergen.jpg
724,P1010004.JPG
725,4736495.jpg
726,0000 - Opname geit op Schoolplaat.png
727,1580_164.JPG
728,4523746.jpg
729,46_OPENL.JPG
730,goats1.jpg
731,1693_RO2.JPG
732,mv 2.jpg
733,"P-SK-A-784-00 Opperdoes, Jan Pietersz  (schilder) 1680 boerenhoeve.jpg"
734,blz 234 det 2 .jpg
735,lvv-pw2.jpg
736,08_SAFTL.JPG
737,1600_IG.JPG
738,52_OPENL.JPG
739,dwerggt1.jpg
740,Faun6.JPG
741,Rembrand 44.jpg
742,1607_168.JPG
743,blz 212 det-2.jpg
744,australian ferals 4.jpg
745,1631 - 1685 Johann Heinrich Roos Reipoltskirchen   children of Graf Hochberg.JPG
746,wuister-2.jpg
747,1776 - 1839 Pieter Gerardus Van Os 4.jpg
748,blz 180.jpg
749,0000- Vrouw met bok en koeien.jpg
750,1589 - 1669 DOMENICO FIASELLA.jpg
751,de Wild - 025.jpg
752,blz 194.jpg
753,0000 - mv 35.jpg
754,toverballen-2.jpg
755,de Wild - 019.jpg
756,logo LFON.jpg
757,0000 - mv 21.jpg
758,"1625 - 1654 Potter, Paulus - the farm.jpg"
759,1657 - 1706 Philipp Peter Roos xTxL84.JPG
760,0000 - mv 38.jpg
761,05_P_TAM.JPG
762,1620_162.JPG
763,17_DE_BI.JPG
764,0000 - mv 10.jpg
765,"1615 - BERNINI, Gian Lorenzo The Goat Amalthea with the Infant Jupiter and a Faun 1615 Marble Galleria Borghese, Rome.JPG"
766,g1078tan.jpg
767,blz 166.jpg
768,11_BERCH.JPG
769,ThreeAuspiciousGoats.jpg
770,simon van der does.jpg
771,1755_182.JPG
772,1799 - 1881 VERBOECKHOVEN Eugene - geiten.jpg
773,1617_165.JPG
774,mo2.jpg
775,Verboeckhoven_Eugene_Joseph_Sheep_With_Chickens_And_A_Goat_I.JPG
776,1621_167.JPG
777,1799 - 1881 VERBOECKHOVEN Eugene - De wacht  1861.jpg
778,Steenb03A.jpg
779,toggeit-2.jpg
780,"1657 - 1706 ROOS, Philipp Peter (Rosa da Tivoli)10.jpg"
781,blz 126 det.jpg
782,bag1.jpg
783,1799 - 1881 VERBOECKHOVEN Eugene - Ontmoeting bij de drinkplaats 1847.jpg
784,geit2.jpg
785,1715 - Pomet kopergravure - The Wild goat 2.jpg
786,Greek and Roman Mythology Other Gods Pan2.jpg
787,"1864 - BILDERS, Albert Gerard - Geitenhoedster.JPG"
788,"1806 - 1887 Robbe, Louis.jpg"
789,1861 - Carl Spitzweg Mädchen mit Ziege.jpg
790,Thuja.jpg
791,blz 144 det.jpg
792,"1570 - Lente, Pieter van der Heyden naar Pieter Bruegel, 1570, gravure.jpg"
793,1821 J. V. Ravenzwaay Fecit 1821.jpg
794,"1806 - 1887 Robbe, Louis  geit.jpg"
795,blz 204.jpg
796,1761 Boucher - Shepherd and Shepherdess Reposing (Detail).jpg
797,1890_VER.JPG
798,ober.jpg
799,blz 238.jpg
800,"PIETER MULIER THE YOUNGER, CALLED IL TEMPESTA HAARLEM 1637 - 1701 MILAN.jpg"
801,Karel_Dujardin_Shepherd_and_Family_with_Flock_2155_40.jpg
802,zieg.jpg
803,32_NIJME.JPG
804,1610 - Jacob Symonsz. Pynas 1610.jpg
805,classicfaunsheepCopper engraving 1749.gif
806,PHILIPP PETER ROOS2.jpg
807,100_OPEN.JPG
808,1872_COR.JPG
809,1620 - Gillis Claesz. de Hondecoeter  Rotsachtig landschap met herten en geiten.JPG
810,"1620 - 1683 BERCHEM, Nicolaes.jpg"
811,Tegel-3.jpg
812,"1806 - 1887 ROBBE, Louis - Landschap met schapen en herderinnetje.jpg"
813,0000 - liefde 2.jpg
814,kiko4.jpg
815,0000 - liefde 3.jpg
816,Tegel-2.jpg
817,Landschap met geiten - Fries Museum.jpg
818,1715 - Pomet kopergravure - The Wild goat.jpg
819,1655 - 1672  Adriaen van de VELDE.jpg
820,faunus 3 triumph_pan.JPG
821,"1865 - CHERUBINI, Andrea - goats and herder in an landscape.jpg"
822,PHILIPP PETER ROOS3.jpg
823,tekening-klein.jpg
824,l-grietje 186 r dorien.JPG
825,85_GETUI.JPG
826,P1010020.JPG
827,blz 211.jpg
828,1799 - 1881 VERBOECKHOVEN Eugene - De herder en Schapen 1848.jpg
829,1799 - 1881 VERBOECKHOVEN Eugene 3.jpg
830,1612 Jan BRUEGHEL the Elder Garden of Eden 1612.jpg
831,2209.jpg
832,0000 - Potter.jpg
833,pyg2.jpg
834,valais.jpg
835,1663 Adriaen van de VELDE.jpg
836,geit3.jpg
837,Zwitserland.jpg
838,1799 - 1881 VERBOECKHOVEN Eugene - Groep rammen in de schotse heide 1865 Schotse periode.jpg
839,1621_166.JPG
840,Zwartblesgeit.jpg
841,103_WALE.JPG
842,mo3.jpg
843,87_OPENL.JPG
844,1817 - 1886 Johann Friedrich Voltz.jpg
845,21_SCHUT.JPG
846,1910 - geitententoonstelling te Swalmen.jpg
847,1623 - 1625 albani.jpg
848,1685_186.JPG
849,0000 - mv 11.jpg
850,1620_163.JPG
851,34_OPENL.JPG
852,"1755 - 1826 OMMERGANCK, Balthazar.jpg"
853,versch_potter2 1652.jpg
854,de Wild - 015.jpg
855,Pablo Picasso - A Young Faun Playing a Serenade to a Young Girl.jpg
856,0000 - mv 39.jpg
857,3005668.jpg
858,de Wild - 001.jpg
859,de Wild - 003.jpg
860,62_OPENL.JPG
861,1886 Theodore Robinson - Girl with Goat.jpg
862,1680 - Dirck van Bergen.jpg
863,96_BUFFO.JPG
864,bonnard2-L-473x300Ker Xavier Roussel (1867-1944).jpg
865,Duitsland-2.jpg
866,yankie 4615 (zwart) met moeder renee 3237.jpg
867,mo1.jpg
868,1830_VER.JPG
869,0000 - roelant savery.jpg
870,toggeit-1.jpg
871,1662.jpg
872,antony keizer Herfstdag in Drenthe.jpg
873,geit1.jpg
874,the_infant_jupiter_nurtured_by_the_goat_amalthea_1638_XX_london_uk.jpg
875,MoonShine Graffx - Pan.jpg
876,The Great God Pan3.jpg
877,"ziege_baldung Zwei Hexen, 1523, von Hans Baldung Grien.jpg"
878,Tegel.jpg
879,Adam Pynacker SCHIEDAM NEAR ROTTERDAM 1620 - 1673 AMSTERDAM   AN ITALIANATE LANDSCAPE WITH SHEPHERDS RESTING WITH THEIR FLOCK  AM1032-67-lr-1.jpg
880,"1809 - 1889 SEVERDONCK, Franz van 2.jpg"
881,"0000- Vos, Maarten de.jpg"
882,melkende vrouw.jpg
883,"1904 - Paula Modersohn-Becker Drei Kinder mit Ziege im Birkenwald, um 1904.jpg"
884,blz 58.jpg
885,Tekst - Hollandse Bok Mauve 1854.jpg
886,"Danckers, Just 2.jpg"
887,blz 60 copy.jpg
888,blz 61 copy.jpg
889,76_OPENL.JPG
890,0000 - liefde 1.jpg
891,"1806 - 1887 ROBBE, Louis - geiten.jpg"
892,faune_flore.jpg
893,1939 de Wild - 031.jpg
894,Pieter Gerardus Van Os 2.jpg
895,"1495  Piero di Cosimo, 'A Satyr mourning over a Nymph', about 1495.jpg"
896,"1805 - 1867 Jacques Raymond Brascassat - Ziege und Zicklein auf der Weide, Distel, color.jpg"
897,1638_HON.JPG
898,blz 59.jpg
899,bok18.jpg
900,blz 56 2 det.jpg
901,blz 204 det.jpg
902,blz 206.jpg
903,blz 212.jpg
904,0000 - Gravure Geit pliny.jpg
905,1799 - 1881 VERBOECKHOVEN Eugene - Door de storm opgeschrikte schapen 1847.jpg
906,blz 162 det.jpg
907,pyg1.jpg
908,57_OPENL.JPG
909,1838_186.JPG
910,2bok.jpg
911,janna.jpg
912,"1620 HALS, Frans Three Children with a Goat Cart (detail).JPG"
913,"1775 - 1829  WAGENBAUER, Max-Joseph - Landschaft mit Bauernhäusern.jpg"
914,1776-1839 Pieter Gerardus Van Os 4.jpg
915,1447 - PISANELLO  Medal of Cecilia Gonzaga (reverse).jpg
916,1884 architectural sculpture I own that came off a brewery built in Upstate New York by a German fellow..jpg
917,schilderij Johann Heinrich Roos.JPG
918,1580-1633 herderspaar Bolswert-2.jpg
919,1857 UK-2.jpg
920,1710 - 1763 Jan van Gool [schilder].JPG
921,1900 wildkleurgeit.JPG
922,"BRUEGHEL, Jan the Elder  Garden of Eden (Detail), 1612.jpg"
923,rueck029.JPG
924,1939 Geitenhoedster 1939 (6291679.JPG
925,39_OPENL.JPG
926,geitententoonstelling te Swalmen 1910.jpg
927,AK Prinz Louis Ferdinand und Prinz Wilhelm von Preussen mit einer Ziege.jpg
928,1799 - 1881 VERBOECKHOVEN Eugene- alexandre-calame 2.jpg
929,blz 164.jpg
930,1889_194.JPG
931,"1538 - 1600 Bruyn, Abraham de.jpg"
932,George-Morland-Children-Feeding-Goats--br--Restrike-Etching--38913.jpg
933,0000 - mv 12.jpg
934,1935 de Wild - 017.jpg
935,"1806 - 1887 Robbe, Louis koe schaap geit.jpg"
936,de Wild - 002.jpg
937,Brabants Dorpsleven 1925  .jpg
938,1799 - 1881 VERBOECKHOVEN Eugene - Ossen en schapen in een rotsachtig lanschap 1841.jpg
939,zwitbertus.jpg
940,0000 - mv 16.jpg
941,"P-SK-A-1462-00 Wtenbrouck, Moyses van (schilder) ca. 1630 tot 1635 nimf verrast door satyr.jpg"
942,1620_164.JPG
943,95_OPENL.JPG
944,de Wild - 006.jpg
945,PF8011-86-lr-1.jpg
946,1650 - 1690  f - Jan van der Bent.jpg
947,"2010DUJARDIN, Karel.jpg"
948,"Paul Joseph Constantin Gabriël and Anton Mauve 1828-1903 AND 1838-1888CATTLE BY A WOODED STREAM, OOSTERBEEK.jpg"
949,26_OPENL.JPG
950,ziegen_lorenzetti1338-40.jpg
951,1650_VLA.JPG
952,mo4.jpg
953,1628 Jacob Cuyp 1628.jpg
954,35_VELDE.JPG
955,Alexander 1.JPG
956,geit4.jpg
957,gijt.jpg
958,"1870 - antique print of Wild Bull, Ibex, Cows, Sheep, Goat from Hanselmann.jpg"
959,1825_189.JPG
960,mv 9.jpg
961,"Circle of Sinibaldo Scorza, Still life with jays, a parrot, ducks, guinea pigs, rabbits, a fox and a cockerel in a river landscape.jpg"
962,1957 de Wild - 016.jpg
963,blz 125 2.jpg
964,"1657 - 1706 ROOS, Philipp Peter (Rosa da Tivoli)7.jpg"
965,1472 - 1552 Cranach - paradies_adam_eva.jpg
966,1861 Carl Spitzweg Mädchen mit Ziege.jpg
967,1824 - 1900 march beard.jpg
968,0000 - Landschap met geiten - Fries Museum - detail-9.jpg
969,blz 216.jpg
970,blz 202.jpg
971,PHILIPP PETER ROOS4.jpg
972,"1594 - 1665 POUSSIN, Nicolas 2.JPG"
973,1625_169.JPG
974,Valesca.JPG
975,blz 197 det.jpg
976,"1616 - 1671 BOURDON, Sébastien - Bacchus und Ceres mit Nymphen und Satyren.jpg"
977,bok20.jpg
978,blz 61.jpg
979,Opname geit van schoolplaat.JPG
980,0000 - liefde 4.jpg
981,48_OPENL.JPG
982,81_OPENL.JPG
983,0000 - mv 9.jpg
984,mv 48.jpg
985,mv 49.jpg
986,"alg 5249COSTENOBLE, Auguste.jpg"
987,1854_TOM.JPG
988,0000 - liefde 5.jpg
989,1663 - Adriaen van de VELDE.jpg
990,blz 60.jpg
991,bezoarziege-2607.jpg
992,1821 Jan van Ravenswaay  1821 Schapen en geiten in de stal.JPG
993,blz 212-det.jpg
994,Pan.jpg
995,PHILIPP PETER ROOS5.jpg
996,Jan Wijnants  HAARLEM  CIRCA 1635 - 1684 AMSTERDAM AND  ADRIAEN VAN DE VELDE AMSTERDAM 1636 - 1672  L07032-157-lr-1.jpg
997,1750_JL.JPG
998,0000 - Landschap met geiten - Fries Museum - detail-8.jpg
999,"1806 - 1887 Robbe, Louis  1884 grazende koeien.jpg"
1000,"1809 - 1889 SEVERDONCK, Franz van  -  Ooi, ram en geit.jpg"
1001,69_OPENL.JPG
1002,clio_history_350x213.gif
1003,"1657 - 1706 ROOS, Philipp Peter (Rosa da Tivoli)6.jpg"
1004,1799 - 1881 VERBOECKHOVEN Eugene - vee10.jpg
1005,mv 8.jpg
1006,yankie.jpg
1007,"1650 - Berchem, Nicolaes.jpg"
1008,geit5.jpg
1009,geitfront.jpg
1010,"1876 - 1958 Julius Paul Junghanns, Frau hütet Ziegen.JPG"
1011,Johannes Glauber.jpg
1012,"1662 VELDE, Adriaen van de about.jpg"
1013,mo5.jpg
1014,BÜLOW.jpg
1015,1607_162.JPG
1016,"Künstler-AK Hermann Kaulbach Dorothea, Hund, Ziege, Ochsen.jpg"
1017,schapen.JPG
1018,1725 Johann Heinrich Roos 2.jpg
1019,0000 - Zweedse geit2.jpg
1020,"1806 - 1887 Robbe, Louis  koe.jpg"
1021,0000 - mahlknecht kuh g.jpg
1022,1670 - Gerrit Dou.jpg
1023,1799 - 1881 VERBOECKHOVEN Eugene - nterieur van een stal met schapen en duiven 1844.jpg
1024,1710 - 1763 Jan van Gool [schilder] 1710 tot 1763 Het melkuur.JPG
1025,jan mankes 1910 2.jpg
1026,1799 - 1881 VERBOECKHOVEN Eugene - vee.jpg
1027,Web Gallery of Art - Image Viewer.jpg
1028,de Wild - 007.jpg
1029,alpines2.jpg
1030,de Wild - 013.jpg
1031,1657 - 1720 Pieter van Bloemen QyFLqG.JPG
1032,bezoar zw foto.jpg
1033,1620_165.JPG
1034,2Q826S~8.JPG
1035,0000 - mv 17.jpg
1036,1690 - Jan van Haensbergen.jpg
1037,1620_167.JPG
1038,"1624 - 1693 ROMEIJN, Willem Cow, Goats and Sheep in a Meadow2.JPG"
1039,blz 233-1 det.jpg
1040,0000 - mv 15.jpg
1041,187mountain_goats_6.jpg
1042,1685_182.JPG
1043,1650_MAE.JPG
1044,0000 - Groene bock-2.jpg
1045,de Wild - 005.jpg
1046,1801 George Shaw Europese bizon.jpg
1047,0000 - mv 29.jpg
1048,geiter.jpg
1049,125.jpg
1050,"0000 - F. Elßner Fr. von Schiller, Das Lied von der Glocke, Heuernte, Ziege.jpg"
1051,51_OPENL.JPG
1052,1580-1633 Boetius Adams Bolswert - herderspaar Bolswert.jpg
1053,hinte potter.jpg
1054,1304 - 1306 GIOTTO di Bondone No. 5 Scenes from the Life of Joachim 5.JPG
1055,1621_162.JPG
1056,g004.jpg
1057,girl with goat.JPG
1058,noortje vh Hertenkamp.JPG
1059,Noorwegen.jpg
1060,mo7.jpg
1061,"Ansichtkaart - Smaland, Fatabur fran Mocketorp, Ziege.jpg"
1062,Alpensteenbok.jpg
1063,bok8.jpg
1064,geit7.jpg
1065,jan Mankes oude geit 1913.jpg
1066,eekschillers in het Asser bos.jpg
1067,Circle of Jakob Philipp Hackert.jpg
1068,1799 - 1881 VERBOECKHOVEN Eugene - bok.jpg
1069,Jacob Symonsz. Pynas 1610.jpg
1070,blz 125 1.jpg
1071,"1685 - VELDE, Adriaen van de Cattle and Goats in a Meadow.JPG"
1072,AELBERT_.BMP
1073,1776 - 1839 Pieter van Os - by_the_roadside_small.jpg
1074,"ROOS, Philipp Peter (Rosa da Tivoli)8.jpg"
1075,4GEITENKAART 9 NOORWEGEN.jpg
1076,"1570 - 73 BASSANO, Jacopo -  Garden of Eden, Detail verschiedene Tiere..jpg"
1077,MoonShine Graffx3 - Pan.jpg
1078,"Ansichtkaart - Meckenbeuren, Menschen bestaunen im Bahnhof den abgerissenen Kopf einer Ziege an der Eisenbahn.jpg"
1079,tekening.jpg
1080,kiko1.jpg
1081,blz 89.jpg
1082,0000 - neuslijn.jpg
1083,schilderij.jpg
1084,73_ARTIS.JPG
1085,0000 - romanmusic-syrinxplayer-pan-pompeii-1C-BCE.jpg
1086,0000 - liefde 6.jpg
1087,1568_162.JPG
1088,Pieter Gerardus Van Os 4.jpg
1089,geesje 66.JPG
1090,"Briton Riviere (British, 1840-1920)  Apollo Playing the Lute, 1874.jpg"
1091,"1753 - 1826 STRIJ, Abraham van.JPG"
1092,PHILIPP PETER ROOS6.jpg
1093,1665 Berchem.jpg
1094,"1662 - VELDE, Adriaen van de about.jpg"
1095,ansichtkaart - twee witte geitjes op Texel.jpg
1096,Jan Mankes twee geiten studie 1914.jpg
1097,Bertrand.jpg
1098,106_JAMT.JPG
1099,Duitsland.jpg
1100,64_OPENL.JPG
1101,onbekend - in Rijksmuseum.jpg
1102,"1658 - VELDE, Adriaen van de Cattle and Goats in a Meadow.JPG"
1103,"1657 - 1706 ROOS, Philipp Peter (Rosa da Tivoli)5.jpg"
1104,1693_ROM.JPG
1105,The Great God Pan4.jpg
1106,Grote markt Groningen.jpg
1107,Jan Mankes oude geit 1912.jpg
1108,geit6.jpg
1109,"1840 - 1920 Briton Riviere - Apollo Playing the Lute, 1874.jpg"
1110,bok9.jpg
1111,"Pan, Greek Mythology Link..jpg"
1112,1939 - Geitenhoedster 1939 (6291679.JPG
1113,Jan Mankes jonge witte geit 1914.jpg
1114,"BERCHEM, Nicolaes about 1670-80.jpg"
1115,"Nicolas POUSSIN , 1594 - 1665.jpg"
1116,0000 - picture.JPG
1117,march_beard(1824-1900) .jpg
1118,70_OPENL.JPG
1119,mo6.jpg
1120,"1653 - 1718  DOES, Simon van der -.jpg"
1121,"Ploos van Amstel, Cornelis (1726 Weesp - 1798 Amsterdam).jpg"
1122,Steenb02A.jpg
1123,blz 162.jpg
1124,blz 176.jpg
1125,France.jpg
1126,116.The_young_bull_after_P_Potter_de_jonge_stier.jpg
1127,France-2.jpg
1128,"1829 - COOPER, Thomas Sidney - Rustic Landscape with Cattle.jpg"
1129,0000 - mv 28.jpg
1130,de Wild - 010.jpg
1131,de Wild - 004.jpg
1132,alpines1.jpg
1133,0000 - mv 14.jpg
1134,1685_183.JPG
1135,blz 189.jpg
1136,1620_166.JPG
1137,Broussaille8.gif
1138,"1865  CHERUBINI, Andrea - goats and herder in an landscape.jpg"
1139,Landschap met geiten - Fries Museum - detail-10.jpg
1140,"Nicolaes BERCHEM , 1620 - 1683.jpg"
1141,Landschap met geiten - Fries Museum - detail-8.jpg
1142,Fauns.gif
1143,"1630 - SAFTLEVEN, Herman Landscape with Shepherds Playing Music 1630 Oil on panel, 37 x 50 cm Private collection.JPG"
1144,0000 - lvv-pw.jpg
1145,blz 105.jpg
1146,1480_155.JPG
1147,DOMENICO FIASELLA.jpg
1148,"1863-1925 Georg Mühlberg Brüder Grimm, Tischlein deck Dich, Ziege.jpg"
1149,1626 - 1678 Karel DUJARDIN  2.jpg
1150,1637_169.JPG
1151,onbekend - jong zwartbont geitje bij boerderij.jpg
1152,bokkenwagens-3.jpg
1153,1650_HOL.JPG
1154,91_ARTIS.JPG
1155,Pieter.jpg
1156,16_DE_BI.JPG
1157,Gerardus Johannes Bos 1870.jpg
1158,goldguernsey2.jpg
1159,0000 - ratti_goats.JPG
1160,"1613 - 1675 DOU, Gerrit.jpg"
1161,04_P_TAM.JPG
1162,1645_169.JPG
1163,"1806 - 1887 Robbe, Louis  lammeren.jpg"
1164,1907 - Louis Albert Roessingh.jpg
1165,1882 J vd Sande Bakhuyzen - landschap in drente.jpg
1166,Girl with Goat - (Theodore Robinson - 1886) .jpg
1167,003boer_klein_000 Dirk Oudes (Alkmaar 1895-Oudorp 1969).jpg
1168,0000 - Pieter van Bloemen.jpg
1169,1622_170.JPG
1170,10_BERCH.JPG
1171,1659_173.JPG
1172,tegel 18e eeuw-3.jpg
1173,blz 238 det.jpg
1174,0000- clio_history_350x213.gif
1175,"1809 - 1889 SEVERDONCK, Franz van.jpg"
1176,1799 - 1881 VERBOECKHOVEN Eugene - De herder met zijn kudde  1871.jpg
1177,Geit bij Robert Jan.jpg
1178,1756_181.JPG
1179,mv 39.jpg
1180,1618_168.JPG
1181,"1849-1931 SLUYS, Theo van - Sheep, roosters and chickens in a barn.jpg"
1182,mv 11.jpg
1183,vh schaarsbergen Zijpenberg Schaapherder met hond omstreeks 1900.jpg
1184,mv 10.jpg
1185,5057360.jpg
1186,0000 - Noorweegsche Bok.JPG
1187,2 ct de Wild - 012.jpg
1188,0000- Vrouw met geiten.jpg
1189,1500_BOS.JPG
1190,mv 38.jpg
1191,"1876 - 1958 Julius Paul Junghanns Hirten-Idyll, Kalb und Ziegen.JPG"
1192,"L07030-133-lr-1Circle of Gaspard Dughet, A view of Tivoli with shepherds resting.jpg"
1193,86_OPENL.JPG
1194,"1806 - 1887 Robbe, Louis  vee.jpg"
1195,hera.JPG
1196,Maarten.jpg
1197,tegel 18e eeuw-2.jpg
1198,blz 202 det-1.jpg
1199,Valesca.tif
1200,beenstand-10.TIF
1201,"1594 - 1665 POUSSIN, Nicolas.jpg"
1202,"Henri Ferdinand Fanton-Lekeu, Belgian 1791-1858, herders by.jpg"
1203,20_SCHUT.JPG
1204,1659 - Karel Dujardin Italiaans landschap met geitenmelkster.JPG
1205,FINNGOAT2.jpg
1206,UK.jpg
1207,0000 - toverballen.jpg
1208,0000 - Mann bringt Ziege in den Stall.jpg
1209,bokkenwagens-2.jpg
1210,0000 - Gravure bok.jpg
1211,"Gerrit DOU , 1613 - 1675.jpg"
1212,satyre2.JPG
1213,exterieur-2.jpg
1214,1620 Gillis Claesz.JPG
1215,frans hals.jpg
1216,rambertus.JPG
1217,1620_114.JPG
1218,Alexander 1.tif
1219,Landschap met geiten - Fries Museum - detail-9.jpg
1220,"2052SERNÉ, Adrianus.jpg"
1221,5.JPG
1222,Faun.gif
1223,"FOLLOWER OF PHILIPP PETER ROOS, CALLED ROSA DA TIVOLI.jpg"
1224,Landschap met geiten - Fries Museum - detail-11.jpg
1225,bloedsomloop.jpg
1226,"1665 - BERCHEM, Nicolaes Herdsmen and Herds at a Waterfall c.JPG"
1227,lvv-hvr2.jpg
1228,Landschap met geiten - Fries Museum - detail-13.jpg
1229,0000 - onbekend - bok en koe.jpg
1230,Eekschillers met geit in het Asserbos te Assen 1903.jpg
1231,1667_174.JPG
1232,1650_OSG.JPG
1233,blz 112.jpg
1234,cult1.gif
1235,1916 de Wild - 026.jpg
1236,0000 - Tegel-2.jpg
1237,1799 - 1881 VERBOECKHOVEN Eugene - Schapen en eenden 1849.jpg
1238,1959 de Wild - 008.jpg
1239,heljorda.jpg
1240,77_OPENL.JPG
1241,09_BERCH.JPG
1242,goldguernsey1.jpg
1243,P-SK-A-1185-00 J vd Sande Bakhuyzen 1882 landschap in drente.jpg
1244,63_OPENL.JPG
1245,06_P_BLO.JPG
1246,1857 UK.jpg
1247,wallisch.jpg
1248,bok.JPG
1249,1876-1938 Richard Borrmeister  kleine faun auf entdeckungsreise.jpg
1250,0000 - Wilde geit.jpg
1251,1622_167.JPG
1252,"1622 - 1678 DUJARDIN, Karel - ziege.jpg"
1253,wesselius.jpg
1254,Vrouw met geiten-2.jpg
1255,1750 - tegel 18e eeuw.jpg
1256,43_PERPO.JPG
1257,1799 - 1881 VERBOECKHOVEN Eugene - Voedering van het vee aan deboorden van deNoordzee 1868.jpg
1258,mv 12.jpg
1259,blz 174.jpg.jpg
1260,5276328.jpg
1261,Bezoar dierentuin gravure.jpg
1262,DDZEMG~N.JPG
1263,mv 13.jpg
1264,42_OPENL.JPG
1265,2 ct de Wild - 011.jpg
1266,0000 - Web Gallery of Art - Image Viewer.jpg
1267,"onbekend, schapen, geiten,  koeien.jpg"
1268,107_NOOR.JPG
1269,Afbeelding - Hollandse Bok Mauve 1854.jpg
1270,"Künstler-AK F. Elßner Fr. von Schiller, Das Lied von der Glocke, Heuernte, Ziege.jpg"
1271,1864 - 1927 Henry Schouten  ().JPG
1272,herderspaar Bolswert.jpg
1273,1622_172.JPG
1274,blz 202 det-2.jpg
1275,"SCUOLA OLANDESE, SECOLO XVIII GREGGE IN UN PAESAGGIO.jpg"
1276,"0000 - Bos, Cornelis.jpg"
1277,scan0.jpg
1278,1669_LEE.JPG
1279,1968 - 1998 Siemen dijkstra 1968 - x 1998 PAN kleurhoutsnede.jpg
1280,Richard Borrmeister  kleine faun auf entdeckungsreise.jpg
1281,1685_CAR.JPG
1282,1799 - 1881 VERBOECKHOVEN Eugene.jpg
1283,"1622 - 1678 DUJARDIN, Karel.jpg"
1284,Satyr.jpg
1285,lvv-pw.jpg
1286,Pan66.jpg
1287,ca_1750_figures_in_landscape_2.jpg
1288,0000 - Tegel.jpg
1289,0000 - Tegel-3.jpg
1290,ZAN-1010.jpg
1291,1799 - 1881 VERBOECKHOVEN Eugene - De herder en zijn kudde op de heide 1875.jpg
1292,"1806 - 1887 Robbe, Louis  ZWARE koe.jpg"
1293,1799 - 1881 VERBOECKHOVEN Eugene - Witte geit met schapen ; lam en twee bokjes 1838.jpg
1294,1631 - 1685 Johann Heinrich Roos2.jpg
1295,Oude Geit Jan Mankes 1889 - 1920 1912.jpg
1296,1612 - 1652 Benjamin Gerritsz. Cuyp THE ANNUNCIATION TO THE SHEPHERDS.jpg
1297,56_OPENL.JPG
1298,Landschap met geiten - Fries Museum - detail-12.jpg
1299,0000- Groene bock.jpg
1300,1620_113.JPG
1301,"1636 - 1672 VELDE, Adriaen van de.jpg"
1302,onbekend - bokkenwagens detail.jpg
1303,blz 230 det.jpg
1304,0000 - mv 49.jpg
1305,1576_168.JPG
1306,Adrianus Johannes (Arie) Zwart. Rijswijk 1903 - 1981 Laren (NH).bmp
1307,1940 de Wild - 033.jpg
1308,33_OPENL.JPG
1309,1780 - Willem Romeyn.jpg
1310,1631-1685 Johann Heinrich Roos.JPG
1311,87.jpg
1312,"1885 - 1952 Homberg, Dirk.jpg"
1313,1607 - 1681 Cornelis Saftleven The Temptation of Saint Anthony.jpg
1314,49_OPENL.JPG
1315,80_OPENL.JPG
1316,"1726 - 1798 Ploos van Amstel, Cornelis (1726 Weesp - 1798 Amsterdam).jpg"
1317,back817137.jpg
1318,"Ploos van Amstel, Cornelis (1726 Weesp - 1798 Amsterdam)  .jpg"
1319,De Geldersen Fotoarchief - K.A. Hagenouw.gif
1320,piet.jpg
1321,koekkoek08.jpg
1322,AM1023-2-lr-1.jpg
1323,"Andréa, Cornelis , (1914 Den Haag, 1.jpg"
1324,1622_162.JPG
1325,belastingaangifte op paprus voor het weiden van schapen en geiten.jpg
1326,1903 - Eekschillers met geit in het Asserbos te Assen.jpg
1327,the_farm.jpg
1328,"AK Prinz Wilhelm von Preussen füttert ein Pferd, Ziege.jpg"
1329,1907 Louis Albert Roessingh.jpg
1330,"0000 - Danckers, Just 2.jpg"
1331,1937 2 ct de Wild - 028.jpg
1332,1799 - 1881 VERBOECKHOVEN Eugene - vee9.jpg
1333,blz 16.jpg
1334,mv 17.jpg
1335,blz 252 det.jpg
1336,picture.JPG
1337,2 ct de Wild - 014.jpg
1338,"1615 - BRUEGHEL, Jan the Elder The Animals Entering the Ark (Detail).jpg"
1339,mv 16.jpg
1340,1655-72  Adriaen van de VELDE.jpg
1341,1770_184.JPG
1342,janna-0 Vrouw met geiten.JPG
1343,"1645 - 1690 BERGEN, Dirck van - Haarlem.JPG"
1344,1799 - 1881 VERBOECKHOVEN Eugene - vee8.jpg
1345,The Invisible Basilica Pan.jpg
1346,13752.jpg
1347,1799 - 1881 VERBOECKHOVEN Eugene - Ossen en schapen in een rotsachtig lanschap.jpg
1348,blz 89 det.jpg
1349,1657 - 1706 PHILIPP PETER ROOS 23.jpg
1350,1622_163.JPG
1351,"Studio of Pedro Orrente - Murcia 1580 - 1645 Valencia, Jacob and his family leaving for Canaan.jpg"
1352,koekkoek09.jpg
1353,0000 - Gravure wilde goat.jpg
1354,"1806 - 1887 Robbe, Louis - geit 1875.jpg"
1355,"1870 antique print of Wild Bull, Ibex, Cows, Sheep, Goat from Hanselmann.jpg"
1356,1799 - 1881 VERBOECKHOVEN Eugene - schapen schets.jpg
1357,"1810  LASALLE, Louis -.jpg"
1358,brit_alp.jpg
1359,4868012.jpg
1360,foto005.jpg
1361,"1805 - 1870 DUBUISSON, Alexandre Les Chevres, 1854.jpg"
1362,P-SK-A-1146-00 JB Tom Jan Bedijs 1866.jpg
1363,Steenb04A.jpg
1364,geit-3.JPG
1365,0000 - lvv-pp.jpg
1366,blz 42 det.jpg
1367,"Utrecht School, circa 1700.jpg"
1368,blz 52 det.jpg
1369,1761 - Boucher - Shepherd and Shepherdess Reposing (Detail).jpg
1370,105_WALE.JPG
1371,104_WALE.JPG
1372,0000 - mv 48.jpg
1373,1576_169.JPG
1374,"1862 - 1897 HAAK, Rudolf Juriaan Stephanus.jpg"
1375,Jan van Haensbergen 1690.jpg
1376,68_OPENL.JPG
1377,"AK vermenschlichte Ziege im Gehrock mit Hut, Brille und Stock.jpg"
1378,1620_112.JPG
1379,english goat.jpg
1380,Pieter�20van�20Bloemen_QyFLqG.jpg
1381,1680 -  1726 Johannes Glauber [schilder].JPG
1382,mountain-goats.GIF
1383,1900 - wildkleurgeit.JPG
1384,1620_110.JPG
1385,1824_OS.JPG
1386,1635_GOY.JPG
1387,1763 - 1804 George-Morland-Children-Feeding-Goats--br--Restrike-Etching--38913.JPG
1388,Schroefhoorngeit-2.jpg
1389,1799 - 1881 VERBOECKHOVEN Eugene - De herder en zijn kudde op de heide 1866.jpg
1390,ansichtkaart - geit bij boerderij Emmen.jpg
1391,"1914 Andréa, Cornelis - geit en haan.jpg"
1392,0000 - Staande bock.jpg
1393,blz 194 det.jpg
1394,appenzel.jpg
1395,blz 114.jpg
1396,LA_PECHE.JPG
1397,44_OPENL.JPG
1398,lvv-pp.jpg
1399,"Moses van UYTTENBROECK , about 1600 - 1646.jpg"
1400,"PIETER VAN BLOEMEN, CALLED STANDAARD ANTWERP 1657 - 1720.jpg"
1401,blz 166 det 2.jpg
1402,0000 - geiten met herder.JPG
1403,"Berchem, Nicolaes.jpg"
1404,"1914 MANKES, Jan - jonge witte geit.jpg"
1405,Schroefhoorngeit.jpg
1406,onbekend bokkenwagens.jpg
1407,0000 - d-hondecoeterstill.jpg
1408,goat2groot.jpg
1409,99_OPENL.JPG
1410,50_OPENL.JPG
1411,1923 de Wild - 027.jpg
1412,JOHN WOOTTON 1686-1765 AN ARCADIAN LANDSCAPE WITH GOATS A CASTLE BEYOND.jpg
1413,blz 16 det.jpg
1414,"Bruyn, Abraham de.jpg"
1415,mv 14.jpg
1416,Broussaille.gif
1417,mv 28.jpg
1418,boink-yankie.jpg
1419,"1849-1931 SLUYS, Theo van - sheep and chickens.jpg"
1420,mv 29.jpg
1421,1610 Jacob Symonsz. Pynas 1610.jpg
1422,Staande bock-2.jpg
1423,Philipp�20Peter�20Roos_xTxL84.jpg
1424,mv 15.jpg
1425,wldoe.jpg
1426,Jan Mankes Ganzenliesje 1911.jpg
1427,Follower of Nicolaes Pietersz. Berchem - a drover passing through a stream with his cattle accompanied by a peasant woman.jpg
1428,"1621 - 1663 Jan Baptist Weenix, Landscape with a Ford.jpg"
1429,blz 112 det.jpg
1430,71_OPENL.JPG
1431,1799 - 1881 VERBOECKHOVEN Eugene - De koeienhoeder en zijn veerustend in een romeins landschap 1843.jpg
1432,1799 - 1881 VERBOECKHOVEN Eugene - Schapenfamilie in een schots landschap.jpg
1433,1799 - 1881 VERBOECKHOVEN Eugene - geit.jpg
1434,36_BUFFO.JPG
1435,"ROOS, Philipp Peter (Rosa da Tivoli).jpg"
1436,1907 de Wild - 029.jpg
1437,28_VIANE.JPG
1438,0000 - Gravure springende bok.jpg
1439,"1658 - BERCHEM, Nicolaes.jpg"
1440,Pieter Gerardus Van Os.jpg
1441,"5206HAAK, Rudolf Juriaan Stephanus.jpg"
1442,Johann Melhior Roos.jpg
1443,"Jakob Jordaens Jugend des Zeus (Die Ziege Amalthea ernährt Zeus), um 1640.jpg"
1444,blz 121.jpg.jpg
1445,1676_176.JPG
1446,blz 101.jpg
1447,brit_tog.jpg
1448,feral goats2.jpg
1449,onbekend - Tekening Bok Duitsland.jpg
1450,65_OPENL.JPG
1451,blz 90 det.jpg
1452,blz 115.jpg
1453,"Cornelis de Bie - Amsterdam 1621-1654, A wooded landscape with drovers watering their herd.jpg"
1454,mahlknecht_kuh_g.jpg
1455,"1636 - 1672 VELDE, Adriaen van de - detail.jpg"
1456,blz 129.jpg
1457,13_DOOME.JPG
1458,de Wild - 015  eekschiller assen.JPG
1459,blz 216 det.jpg
1460,1620_111.JPG
1461,"1812 - 1891 Simon van den Berg, Dutch 1812-1891, Goats and Chickens in a Yard.JPG"
1462,1876 - 1958 JULIUS PAUL JUNGHANNS Wien 1876 - 1958.JPG
1463,"Vos, Maarten de.jpg"
